n_errors_per_participant,r,sb,sb_lo,sb_hi,n_participants,n_participants_used,draws,block,note,task
10,0.14159505798518862,0.24806113871022795,0.023336565461033736,0.3718282169194283,168,168.0,50,40,,ffa
20,0.20377314597800802,0.33855565077332883,0.1319762820804972,0.4850965170231542,158,158.0,50,40,,ffa
30,0.2593274383398464,0.4118506379973617,0.22234731893070345,0.5691987379508933,141,141.0,50,40,,ffa
40,0.29343935682178757,0.4537347414042761,0.2822181072455429,0.5625542740432155,124,124.0,50,40,,ffa
50,0.39667259632785296,0.5680250517335195,0.44131008997651616,0.671246550417385,97,97.0,50,40,,ffa
60,0.42679847954354044,0.5982596350513669,0.4780546898471631,0.6885578800532873,84,84.0,50,40,,ffa
80,0.5451518717615661,0.7056277611692814,0.6482629640424187,0.7842490229216456,46,46.0,50,40,,ffa
10,0.0748180312311603,0.13917972877368673,-0.17816598698969696,0.3605426114034257,168,168.0,50,20,,ffa
20,0.14010881233278022,0.24578052840511883,0.06948608215784678,0.414658803727937,158,158.0,50,20,,ffa
30,0.19134275553654534,0.32119627354318814,0.09439584735396762,0.5314572511774482,141,141.0,50,20,,ffa
40,0.2456519338603444,0.39441103226106894,0.21888627144809072,0.4861711381593886,124,124.0,50,20,,ffa
50,0.28142091349045,0.4392323273979156,0.2763745383810075,0.5551548015762438,97,97.0,50,20,,ffa
60,0.34814924983838746,0.5164762528772557,0.37199708681729116,0.6024188034500999,84,84.0,50,20,,ffa
80,0.4324497495032295,0.6037869820320998,0.5341263895280927,0.6894951496088016,46,46.0,50,20,,ffa
10,0.12826591819470812,0.22736580497931047,-0.043834398566178004,0.42083310392972006,168,168.0,50,80,,ffa
20,0.20018669489682073,0.33359252730509414,0.12733607005714973,0.4688109141441225,158,158.0,50,80,,ffa
30,0.22922685179072183,0.37294444890420575,0.18769035800301145,0.49569277482053303,141,141.0,50,80,,ffa
40,0.2872711807790358,0.4463227800773917,0.2608152896537275,0.5345623065577116,124,124.0,50,80,,ffa
50,0.34589989348896455,0.5140042999193408,0.38719770809808873,0.6534867904364781,97,97.0,50,80,,ffa
60,0.37223230397734264,0.5425190382997491,0.3854187285560459,0.6488789713584043,84,84.0,50,80,,ffa
80,0.49302600845239597,0.6604385540674882,0.565516627613013,0.7476184455249446,46,46.0,50,80,,ffa
10,0.10496592713295562,0.1899817350219418,-0.08687081653780385,0.385532486717561,167,167.0,50,40,,ffb
20,0.10788437479062973,0.19475667213695336,0.02029985508680506,0.38831914083554864,144,144.0,50,40,,ffb
30,0.08723379800030695,0.16046907264899835,-0.0387506839433312,0.30871728426468886,123,123.0,50,40,,ffb
40,0.08340573198717907,0.15396919327704484,-0.040429301372401444,0.2876705255419787,77,77.0,50,40,,ffb
50,0.2400651246591897,0.387178426285415,0.2669577437446134,0.4831223002293237,35,35.0,50,40,,ffb
60,,,,,5,,0,40,too few participants with both halves,ffb
80,,,,,0,,0,40,too few participants with both halves,ffb
10,0.13290029903457606,0.23461702310871446,0.06106624566118195,0.41710445568790655,167,167.0,50,20,,ffb
20,0.26786157894705864,0.4225362292911245,0.27362361202605345,0.5370114159701181,144,144.0,50,20,,ffb
30,0.3813524883439487,0.5521429385682448,0.420821369055134,0.6300634074928602,123,123.0,50,20,,ffb
40,0.4234630431450601,0.5949745960099972,0.47845230073435224,0.6841286798318926,77,77.0,50,20,,ffb
50,0.48305991364065237,0.6514360334610407,0.5957044530416795,0.708545391674217,35,35.0,50,20,,ffb
60,,,,,5,,0,20,too few participants with both halves,ffb
80,,,,,0,,0,20,too few participants with both halves,ffb
10,0.11469434091005365,0.2057860305277484,0.006244420833455246,0.3585290282074792,167,167.0,50,80,,ffb
20,0.20426696145862305,0.3392373271148549,0.11420612214845595,0.4530146268780622,144,144.0,50,80,,ffb
30,0.2345975308249023,0.3800388735678313,0.22295893889766763,0.502971171753278,123,123.0,50,80,,ffb
40,0.27596194890891346,0.4325551365361989,0.3268266661737053,0.5739891296508853,77,77.0,50,80,,ffb
50,0.36984832407898194,0.5399841118075236,0.43949177776456594,0.6338970379375164,35,35.0,50,80,,ffb
60,,,,,5,,0,80,too few participants with both halves,ffb
80,,,,,0,,0,80,too few participants with both halves,ffb
10,0.1201582907318907,0.21452715347606827,0.026801353180610207,0.4016159105088656,165,165.0,50,40,,ffc
20,0.2176627136296805,0.35749854324163943,0.1436246528969079,0.47666822427300987,146,146.0,50,40,,ffc
30,0.3355110144946061,0.5024457859242379,0.33211616739668326,0.5964104161358151,125,125.0,50,40,,ffc
40,0.3269079429970869,0.4927364307329588,0.37088898263304126,0.6273786404849437,90,90.0,50,40,,ffc
50,0.5446444969597641,0.7052026129874146,0.6057696584700472,0.7698899631118826,65,65.0,50,40,,ffc
60,0.6898074361381581,0.8164331858507197,0.7713012066081053,0.869567318858137,33,33.0,50,40,,ffc
80,,,,,4,,0,40,too few participants with both halves,ffc
10,0.10136702226383527,0.1840328132869945,-0.10571234174218182,0.32133648463860076,165,165.0,50,20,,ffc
20,0.13169948421443473,0.2327463757396126,0.0046121966033446996,0.3777160254150064,146,146.0,50,20,,ffc
30,0.22057326174362607,0.36139518284555144,0.21440097317578938,0.47853535183651486,125,125.0,50,20,,ffc
40,0.2232362788057891,0.3649919664662149,0.16935737299971618,0.4989566384812808,90,90.0,50,20,,ffc
50,0.36203813605818536,0.5316111098630945,0.40816550082558445,0.6467860360438337,65,65.0,50,20,,ffc
60,0.6307361319189528,0.7735600064889856,0.7106949127333715,0.8300957542693103,33,33.0,50,20,,ffc
80,,,,,4,,0,20,too few participants with both halves,ffc
10,0.08772488913386697,0.1612929659840504,-0.12023702967521144,0.3657371769957913,165,165.0,50,80,,ffc
20,0.1759138902693533,0.29917235087233796,0.0817439821016956,0.48643513595949806,146,146.0,50,80,,ffc
30,0.2379888170434091,0.3844732963077949,0.2603405076057591,0.5407429066461811,125,125.0,50,80,,ffc
40,0.23610586947324197,0.3820141238760767,0.2389089933529889,0.5290864954687008,90,90.0,50,80,,ffc
50,0.3233772095341509,0.48871369710147483,0.3704491636399722,0.5758907890120436,65,65.0,50,80,,ffc
60,0.621350291355793,0.7664600876372202,0.7129923427183128,0.8171324813576484,33,33.0,50,80,,ffc
80,,,,,4,,0,80,too few participants with both halves,ffc
