event_type,tier,spec,lag,effect,se,effect_pw,t,n_events,n_players
blunder,1300-1600,zpre,-6,0.03411439302357366,0.025406224105938575,0.05234301366275298,1.3427573055060784,4806,441
blunder,1300-1600,zpre,-5,0.02919362855180241,0.02771214764524802,0.03699171003315735,1.0534596208680502,5264,445
blunder,1300-1600,zpre,-4,0.02688816154345076,0.024179620197228895,0.01685479649512524,1.1120175306364934,5712,449
blunder,1300-1600,zpre,-3,0.013555559373063773,0.02002025138549822,0.0017775600312607194,0.6770923657273763,6235,458
blunder,1300-1600,zpre,-2,0.028416526205405187,0.01850555535268174,0.03126147987258457,1.535567329044637,6824,462
blunder,1300-1600,zpre,-1,-0.026461626887943904,0.01667024528042906,-0.021768078230917174,-1.587356781067281,7396,465
blunder,1300-1600,zpre,0,0.2135409341231214,0.019049539972422626,0.2475455445231566,11.209768552534989,8341,471
blunder,1300-1600,zpre,1,-0.01916605676672383,0.021918210300168186,-0.035168687395433204,-0.8744352985141658,7882,468
blunder,1300-1600,zpre,2,0.03824630095398495,0.02332406456224029,0.015805135139285612,1.639778557974947,7505,466
blunder,1300-1600,zpre,3,0.027065618289406648,0.02159980837191009,0.03397843081640758,1.2530490004070907,7163,464
blunder,1600-1900,zpre,-6,0.028836953524716165,0.025755391059658947,0.011745379578231352,1.1196472792014374,5860,431
blunder,1600-1900,zpre,-5,0.029658366263822067,0.02223602751605616,0.019068355578887117,1.3337978756505133,6305,436
blunder,1600-1900,zpre,-4,0.044592116308013956,0.021549615183812997,0.053739936543355134,2.0692766867368166,6712,437
blunder,1600-1900,zpre,-3,0.012201405446900009,0.018960589799203054,0.019513218395848332,0.6435140244114587,7274,439
blunder,1600-1900,zpre,-2,0.018446606405992067,0.017348866761350026,0.022695012233362268,1.063274429375848,7852,443
blunder,1600-1900,zpre,-1,-0.016434126899999735,0.01783563636062846,-0.0245728247825028,-0.921420832299401,8452,445
blunder,1600-1900,zpre,0,0.25934927798842267,0.02086984816425469,0.26847396443460136,12.426984420165983,9332,448
blunder,1600-1900,zpre,1,-0.024227552363425307,0.02145165307553407,-0.019388751573698567,-1.1294025816153623,8788,447
blunder,1600-1900,zpre,2,0.009575413293136908,0.022311827619019082,0.004799265795315182,0.429163108313665,8337,444
blunder,1600-1900,zpre,3,0.02946302185862513,0.02306633967238614,0.025718757537564824,1.277316742798892,7897,444
blunder,1900-2100,zpre,-6,0.024131559904616885,0.02038109158053805,0.0021645641385718384,1.184017048805186,9812,461
blunder,1900-2100,zpre,-5,0.034140969289781796,0.020255080039921543,0.03710150064754447,1.6855509443799779,10399,460
blunder,1900-2100,zpre,-4,0.033369797692842686,0.01971788802178378,0.020957359850812814,1.6923616594219753,10951,461
blunder,1900-2100,zpre,-3,0.00931812814700054,0.016144172332001945,0.007630880219522659,0.5771821531246658,11736,465
blunder,1900-2100,zpre,-2,0.02515576894555597,0.014935561989864073,0.0041365895494559594,1.6842867354189803,12531,466
blunder,1900-2100,zpre,-1,-0.006083831271498032,0.01434067156980099,0.015146899277393197,-0.424236148348139,13331,466
blunder,1900-2100,zpre,0,0.28764991962928194,0.017141545969462556,0.28615638896176554,16.780862131206053,14443,467
blunder,1900-2100,zpre,1,-0.027399406680242915,0.01831712192447045,-0.0630591161623285,-1.4958357974152665,13582,466
blunder,1900-2100,zpre,2,0.037396359748478686,0.01700757970028254,0.02649569668445712,2.198805497754477,12847,464
blunder,1900-2100,zpre,3,0.0485484117664517,0.01767280934125089,0.0640577116653745,2.747068155889211,12096,463
blunder,2100+,zpre,-6,0.021255191057053327,0.01924907435830627,0.02585966114787738,1.1042188658740042,11870,456
blunder,2100+,zpre,-5,0.03942937879719836,0.017375290539730914,0.020686581625990033,2.26927881908149,12501,458
blunder,2100+,zpre,-4,0.0270842768060298,0.01754744018256617,0.028982156391223268,1.543488766694228,13013,459
blunder,2100+,zpre,-3,-0.00023212775249712358,0.01684631568948921,0.019172262015123148,-0.013779140601167366,13961,461
blunder,2100+,zpre,-2,0.022107229563495243,0.015101378558760172,0.007061355608028596,1.4639212888727327,14899,461
blunder,2100+,zpre,-1,-0.00046691851892829446,0.013993493077015706,-0.008744154390883132,-0.033366831023428134,15786,461
blunder,2100+,zpre,0,0.302315862329344,0.01563825152231408,0.3120651301081152,19.33181992232138,17017,462
blunder,2100+,zpre,1,-0.01768676759386958,0.016696699526400946,-0.014056210577761996,-1.0592972321208232,15899,461
blunder,2100+,zpre,2,0.01114377802515225,0.01584376007951441,0.0018871109880048843,0.7033543785834575,14894,460
blunder,2100+,zpre,3,0.006021002980573682,0.018538718256041472,0.019272997704340447,0.32477989564416265,14019,460
blunder,fm_plus,nlegal,-6,0.022227269943556487,0.014766167986884666,0.03723629810804909,1.50528356194368,16161,136
blunder,fm_plus,nlegal,-5,0.03319485448213371,0.015238897560626,0.03212944129746485,2.178297632756716,16663,136
blunder,fm_plus,nlegal,-4,0.05510311879634548,0.01289090843217119,0.04941367350455365,4.274572198405149,17075,136
blunder,fm_plus,nlegal,-3,0.06673673168389026,0.011201446129054354,0.05555760366945352,5.957867485590835,17439,136
blunder,fm_plus,nlegal,-2,0.07476269031086166,0.013363915440212567,0.04858459033085147,5.594370201258359,17792,136
blunder,fm_plus,nlegal,-1,0.09504468971433351,0.01229078238759232,0.09364187341052818,7.7330056555457505,17727,136
blunder,fm_plus,nlegal,0,0.3559178566064296,0.012048931027818888,0.34957856775944823,29.539372064183713,19134,136
blunder,fm_plus,nlegal,1,0.03254908159466046,0.01365828378590415,0.032426055076932164,2.3831018673262823,17506,136
blunder,fm_plus,nlegal,2,0.05238162548042811,0.012385953576196781,0.045340608552680475,4.229115276283181,17034,136
blunder,fm_plus,nlegal,3,0.045929124061316155,0.013231628270860033,0.027181466921974734,3.4711619100172046,16490,136
blunder,fm_plus,none,-6,0.0635367670918461,0.013630964615071328,0.08369505110159305,4.661208424060869,17157,136
blunder,fm_plus,none,-5,0.07787522346818945,0.014193858605886976,0.08615753639340555,5.486543555949635,17659,136
blunder,fm_plus,none,-4,0.08876557972720897,0.011659172669787143,0.10045186857353051,7.613368653269077,18060,136
blunder,fm_plus,none,-3,0.10203237098249018,0.011213065657596449,0.104030148748783,9.099417955638824,18449,136
blunder,fm_plus,none,-2,0.12111139289026576,0.014676573144397326,0.11675298714676419,8.252021210857327,18780,136
blunder,fm_plus,none,-1,0.20789484335814715,0.014523966047865225,0.2210393090942821,14.31391692000713,18707,136
blunder,fm_plus,none,0,0.4517437377492815,0.01400607563081149,0.44940171926342387,32.25341270866093,20143,136
blunder,fm_plus,none,1,0.13748166300012854,0.014435538381717296,0.14910938555169284,9.523833428634013,18490,136
blunder,fm_plus,none,2,0.10055293247092181,0.014698809238544058,0.10681670406398401,6.84088968290344,17999,136
blunder,fm_plus,none,3,0.0728983627315044,0.014583579229935344,0.0665489824979116,4.998660588195508,17479,136
blunder,fm_plus,zpre,-6,0.00769136010484109,0.03354426353636866,0.027684952199972253,0.22928987832754547,10031,136
blunder,fm_plus,zpre,-5,0.02670911638359931,0.02133035062142613,-0.003957265100567277,1.252164901441904,10489,136
blunder,fm_plus,zpre,-4,0.04034356251501503,0.02172743835509567,0.019707418962825116,1.8568025303154698,10839,136
blunder,fm_plus,zpre,-3,0.00608467815067801,0.015541742093978983,-0.00848806221153287,0.39150554126330994,11688,136
blunder,fm_plus,zpre,-2,0.0013478896125182298,0.0148333812806393,-0.01356652762871046,0.09086866891755226,12565,136
blunder,fm_plus,zpre,-1,0.028347328707217408,0.01301717476272429,0.04142663690886847,2.1776867272606824,13452,136
blunder,fm_plus,zpre,0,0.34238785110706266,0.017011393900187334,0.3277394334506273,20.12697214090682,14710,136
blunder,fm_plus,zpre,1,-0.006956864645503732,0.018585867592716073,-0.008985865384192642,-0.37430938377233325,13567,136
blunder,fm_plus,zpre,2,0.02335391077873905,0.018400122630119288,0.025885983194737436,1.269225822468752,12560,136
blunder,fm_plus,zpre,3,0.037404976503202875,0.019228506311511413,0.019973340853073503,1.9452876836725412,11575,136
blunder,lower,nlegal,-6,0.014537301721433263,0.01228642817640578,0.0018396483931302355,1.1831999921140584,18471,1747
blunder,lower,nlegal,-5,0.035122405491653214,0.012001518013875483,0.02882011512062919,2.9264969190602934,19333,1756
blunder,lower,nlegal,-4,0.03543152284112603,0.011677661836264138,0.013927018987528392,3.0341281789044436,20115,1763
blunder,lower,nlegal,-3,0.05387466286069065,0.011347194633138274,0.0408031589883264,4.747839849627275,20836,1768
blunder,lower,nlegal,-2,0.08721815925297696,0.010611936075536047,0.08089890913883185,8.218873411237663,21605,1775
blunder,lower,nlegal,-1,0.051842559299485794,0.010637765297760497,0.04423860402649792,4.873444548583891,22037,1780
blunder,lower,nlegal,0,0.2953551849571389,0.011108100672331447,0.29357175622283926,26.589170702496673,23609,1790
blunder,lower,nlegal,1,0.01902744952143639,0.012315596442087918,0.014388088830711963,1.5449880654103814,22144,1785
blunder,lower,nlegal,2,0.043638680309353146,0.012669023369449577,0.046583837073253365,3.4445181003126595,21479,1773
blunder,lower,nlegal,3,0.03356186897472379,0.012688848445587242,0.0357099565924527,2.6449893478234023,20805,1773
blunder,lower,none,-6,0.07202320431773071,0.012029088906968669,0.06123860275916293,5.987419735172659,19812,1767
blunder,lower,none,-5,0.0975353466575666,0.01219907159667505,0.08803915281733517,7.995308977787342,20696,1776
blunder,lower,none,-4,0.10992055102160107,0.011479778822403653,0.09051700849133991,9.575145368400552,21482,1781
blunder,lower,none,-3,0.12737867420635604,0.011089804231634914,0.11522400487344311,11.486106656688676,22221,1787
blunder,lower,none,-2,0.1583318423129729,0.011121674696006882,0.15028263871685518,14.236331005960842,22988,1795
blunder,lower,none,-1,0.22482861831631568,0.010909663993053384,0.2208576679504388,20.60820740762254,23393,1797
blunder,lower,none,0,0.4588408176722484,0.01095543795618426,0.4568139352572105,41.88247147283019,25000,1807
blunder,lower,none,1,0.2049869847895908,0.011832714232642235,0.21032766873011802,17.3237501353751,23502,1799
blunder,lower,none,2,0.15499441612546713,0.011447850816136458,0.1655427329620492,13.539171554104536,22839,1785
blunder,lower,none,3,0.13606504956667792,0.011683762496994508,0.14986063990483717,11.645653495753516,22141,1784
blunder,lower,zpre,-6,0.02370513693647906,0.015557687388502014,0.015952532509343302,1.5236928435776682,13920,1659
blunder,lower,zpre,-5,0.035687676669424455,0.015316737979524448,0.038968271854517664,2.3299789235235373,14808,1681
blunder,lower,zpre,-4,0.0342671955453239,0.014251036554668152,0.042602019963399455,2.4045405689524486,15599,1695
blunder,lower,zpre,-3,0.005065582440810126,0.012843419345837426,0.01976010373329971,0.3944107331862437,16815,1726
blunder,lower,zpre,-2,0.02501454367890165,0.011861873601283886,0.01273637515085582,2.1088189370180244,18081,1742
blunder,lower,zpre,-1,-0.011916756683447854,0.011033318844162929,-0.016766308627593544,-1.080069999948592,19291,1759
blunder,lower,zpre,0,0.2745789079311542,0.012869226937891666,0.2897970876284845,21.336084075314144,21042,1775
blunder,lower,zpre,1,-0.01208487169007769,0.013949470814625985,-0.03010891103473505,-0.8663319096955802,19741,1766
blunder,lower,zpre,2,0.023055139319777092,0.014751210809779779,0.007847904951813823,1.5629319936565453,18645,1751
blunder,lower,zpre,3,0.01870582096231323,0.014077108959183798,0.01704211837062013,1.3288112649088857,17638,1736
material,1300-1600,zpre,-6,-0.0034251224481480105,0.017216252541757293,-0.006218086938715867,-0.19894703797127283,13759,476
material,1300-1600,zpre,-5,-0.00024569253361031245,0.01558101350696518,-0.016790410607386314,-0.015768713216279578,14628,476
material,1300-1600,zpre,-4,0.010959541773557393,0.013415672576773178,0.016044467179484084,0.8169207850623805,15475,477
material,1300-1600,zpre,-3,-0.014847831032372747,0.012000476371053115,-0.016190710537310277,-1.2372701360579206,16612,477
material,1300-1600,zpre,-2,0.01449303687493596,0.011873195318071557,0.027380834205984764,1.220651769526345,17803,477
material,1300-1600,zpre,-1,0.0169265496469227,0.01079373067356123,0.012211495038419612,1.5681834352587227,19010,477
material,1300-1600,zpre,0,0.22126276706674178,0.011010845658069703,0.21588256371381168,20.09498397651058,20733,477
material,1300-1600,zpre,1,-0.5870859397054395,0.012317390397104888,-0.6065646224932263,-47.66317545991152,19534,477
material,1300-1600,zpre,2,-0.05450909744109873,0.013331087100218988,-0.043079873082539355,-4.088871149915698,18417,476
material,1300-1600,zpre,3,-0.06437611705281342,0.014003958165649507,-0.052379917652823,-4.596994384824888,17386,476
material,1600-1900,zpre,-6,-0.006573882443325543,0.015755645260038507,-0.012888914576293953,-0.4172398105458155,14310,463
material,1600-1900,zpre,-5,0.0052534927407569924,0.013435862121507667,0.012330084442564376,0.3910052584081956,15287,463
material,1600-1900,zpre,-4,0.027235355826323516,0.015440638182422868,0.01923911901265482,1.7638750098637361,16126,463
material,1600-1900,zpre,-3,-0.002226276583347862,0.010237948945829764,0.005347525366403906,-0.217453378125576,17240,463
material,1600-1900,zpre,-2,0.017633971860695305,0.010472834216097713,0.008685835266416296,1.6837822022991886,18376,463
material,1600-1900,zpre,-1,0.006865022207123175,0.009856938377304206,0.0031601564926984115,0.6964659759799273,19521,463
material,1600-1900,zpre,0,0.22053078471637774,0.010626420506494007,0.21287108304608005,20.753063986279027,21069,463
material,1600-1900,zpre,1,-0.6321880200417418,0.012865375694691813,-0.6410799728154256,-49.13871425477138,19513,463
material,1600-1900,zpre,2,-0.03664350738202569,0.014070140428576116,-0.010725262230473364,-2.6043455335814283,18335,463
material,1600-1900,zpre,3,-0.03823286813123512,0.013373979770865628,-0.03273439189411568,-2.8587502588065083,17310,463
material,1900-2100,zpre,-6,0.006000590091144397,0.017239421430545413,0.007297309947801255,0.3480737515072484,15540,473
material,1900-2100,zpre,-5,0.0024543589928540136,0.017143059360268154,-0.018439139162384866,0.14316925242307638,16406,473
material,1900-2100,zpre,-4,0.02374274711317456,0.014339781558971735,0.0290376939818869,1.6557258571571356,17131,473
material,1900-2100,zpre,-3,-0.006938726286357916,0.012442027504309635,-0.005667871051738042,-0.5576845320390507,18138,473
material,1900-2100,zpre,-2,0.011318628158566208,0.011965044305712097,0.016396352947743782,0.9459746131623357,19229,473
material,1900-2100,zpre,-1,0.021895719860393643,0.012376735251474107,0.013922356366850202,1.7691030320605585,20339,473
material,1900-2100,zpre,0,0.21912739994902616,0.012945457379458783,0.20163935272160968,16.926972414024302,21771,473
material,1900-2100,zpre,1,-0.6488778515773468,0.014837987314739955,-0.6462433140617131,-43.73085364028826,20127,473
material,1900-2100,zpre,2,-0.02210685364754538,0.014641664235117148,0.012669711517033718,-1.509859350177108,19042,473
material,1900-2100,zpre,3,-0.04640522093475138,0.01757767564487625,-0.037604834429499315,-2.640008944998261,17951,473
material,2100+,zpre,-6,0.0029696158176316734,0.01577985250342847,-0.023142440833904723,0.18819034062495,14857,464
material,2100+,zpre,-5,0.00886769609425958,0.01441093840603055,-0.024719219684414095,0.6153448057587085,15605,465
material,2100+,zpre,-4,0.02018559015075224,0.014931752182971091,0.0005224756583067568,1.3518567615777126,16283,465
material,2100+,zpre,-3,-0.0009593037600153564,0.011675383065290073,0.006190204588363136,-0.08216464972933397,17365,465
material,2100+,zpre,-2,0.007637945027623896,0.010501034688122413,0.02013923314248455,0.7273516614760904,18465,465
material,2100+,zpre,-1,0.015003247763978236,0.00983099029772217,-0.0035169559091021096,1.5261176452848777,19602,465
material,2100+,zpre,0,0.20448176880545232,0.011862074337230195,0.20813493863200908,17.23828084297767,21066,465
material,2100+,zpre,1,-0.648742057776182,0.014790479055734485,-0.6377688823944685,-43.862139646156706,18961,465
material,2100+,zpre,2,-0.01855370521739384,0.014697567957504123,0.009661207287607566,-1.262365669683527,17859,465
material,2100+,zpre,3,-0.02300386221784282,0.015574415350155149,-0.015183913329189674,-1.47702894141793,16779,465
material,fm_plus,nlegal,-6,0.005741984542816149,0.012245258134811487,-0.0016625245112481147,0.4689149448383226,18239,136
material,fm_plus,nlegal,-5,0.018193165949796763,0.013338593914366566,0.01171280934206818,1.3639493087949468,19058,136
material,fm_plus,nlegal,-4,0.03473768627584064,0.010599811704445758,0.029530011239125967,3.2771984299750354,19767,136
material,fm_plus,nlegal,-3,0.03669480395031192,0.012790944906171164,0.03364303239007573,2.8688110393320523,20512,136
material,fm_plus,nlegal,-2,0.06250415183525909,0.011191493371910543,0.05627224071939677,5.584969740690537,21191,136
material,fm_plus,nlegal,-1,0.05596048931090575,0.010956138598299556,0.058979694789182316,5.1076835884123515,21475,136
material,fm_plus,nlegal,0,0.17388923833306866,0.010825899973468426,0.17458015125323015,16.0623355803423,23810,136
material,fm_plus,nlegal,1,-0.5606269519628384,0.01616664682085683,-0.5168744530902752,-34.677998361389655,18840,136
material,fm_plus,nlegal,2,0.012222168527690579,0.010753609099209284,0.024102479057852927,1.1365643306291726,21623,136
material,fm_plus,nlegal,3,-0.012539219171692434,0.011966471760167215,-0.014572913819745167,-1.047862680245628,20892,136
material,fm_plus,none,-6,0.03589752127377807,0.010657219982704927,0.029954366970910834,3.368375742645303,19378,136
material,fm_plus,none,-5,0.04581828301143882,0.009622404429423269,0.047694299877424906,4.7616251579840325,20214,136
material,fm_plus,none,-4,0.06312133893592915,0.010123638109006619,0.06635042719089895,6.235044976545781,20938,136
material,fm_plus,none,-3,0.053149816219116595,0.01123854973547348,0.04680127335768594,4.729241536508393,21688,136
material,fm_plus,none,-2,0.08317764656789374,0.009997244778331622,0.07407511094456094,8.320057016926892,22379,136
material,fm_plus,none,-1,0.14952619797502767,0.009367771314681349,0.1558669873155986,15.96176859491514,22703,136
material,fm_plus,none,0,0.24193060997192145,0.009355605407207831,0.24155053609377197,25.859428592994213,25000,136
material,fm_plus,none,1,-0.44246603487974445,0.014104377674093636,-0.3998287867076231,-31.370830043245977,19889,136
material,fm_plus,none,2,0.04513913722274162,0.010724036595691547,0.04523891898824112,4.209155463053582,22876,136
material,fm_plus,none,3,0.025144297952770563,0.010637936948901652,0.019592816455244466,2.363644198452094,22102,136
material,fm_plus,zpre,-6,0.00758506148713224,0.01706807723364688,0.0005493264804383502,0.44440046663132915,13639,136
material,fm_plus,zpre,-5,0.009612854813396327,0.01983781450026127,-0.005259751518333909,0.48457227046203716,14389,136
material,fm_plus,zpre,-4,0.016183400311722867,0.01653258847572366,0.02174114023828845,0.9788787965953706,14970,136
material,fm_plus,zpre,-3,-0.00654608433844437,0.01800559859579721,-0.01217160424541412,-0.36355827347902386,16258,136
material,fm_plus,zpre,-2,0.01551002118829371,0.01671818614806919,0.021145483888305394,0.9277334903993151,17717,136
material,fm_plus,zpre,-1,0.009988831624131621,0.012457051050030402,0.0018326484665356015,0.8018616592333258,19239,136
material,fm_plus,zpre,0,0.17304234412684577,0.011941985395821903,0.17942308461614914,14.490249183137289,21430,136
material,fm_plus,zpre,1,-0.6114253304802377,0.01840369733437546,-0.5551603010987671,-33.22296163489839,17571,136
material,fm_plus,zpre,2,0.011837753520122106,0.0184245277992612,0.009937768384301934,0.6424996965510718,16266,136
material,fm_plus,zpre,3,-0.01108668912449725,0.01838968483894831,-0.03109727320179745,-0.6028754283497165,15125,136
material,lower,nlegal,-6,0.0022486119284120093,0.011465942018043542,0.009191679569803218,0.19611227100864886,18749,1845
material,lower,nlegal,-5,-0.0011401907429684239,0.011157396569495331,-0.012627851415727144,-0.10219146875945423,19519,1844
material,lower,nlegal,-4,0.012594905067776616,0.010613229013385789,0.012381195440709964,1.186717543915378,20285,1849
material,lower,nlegal,-3,0.036314818918858634,0.01058589900669808,0.036236761481524056,3.430489833303807,21040,1854
material,lower,nlegal,-2,0.04408556593663682,0.010568941801368827,0.03617920621424339,4.17123745831651,21753,1860
material,lower,nlegal,-1,0.06726756473291041,0.010318245209541898,0.05422141782462219,6.519283402056009,22199,1858
material,lower,nlegal,0,0.2121672294859265,0.010360351970388782,0.20245804034261872,20.478766560472824,23671,1867
material,lower,nlegal,1,-0.592933758172253,0.01121364302393684,-0.5908375040763147,-52.87610430495836,21564,1848
material,lower,nlegal,2,-0.019700270225138677,0.01098241581124954,-0.005613316922739233,-1.79380116030202,22045,1864
material,lower,nlegal,3,-0.04318826837948007,0.011052614479735025,-0.029020219907921113,-3.9075160414457395,21190,1862
material,lower,none,-6,0.028605122497053777,0.010469157900731423,0.03220493914912399,2.7323231503706036,20017,1859
material,lower,none,-5,0.022634780702774384,0.010187739938733271,0.027609990865498285,2.221766637045582,20801,1860
material,lower,none,-4,0.033478516479200776,0.01002396023992547,0.040609697730301125,3.3398492888924003,21574,1861
material,lower,none,-3,0.057415973477599594,0.009841164217863463,0.06538344344088959,5.8342663740311735,22354,1865
material,lower,none,-2,0.06542174408183854,0.009797251935480172,0.05814062059952382,6.677560658098169,23067,1867
material,lower,none,-1,0.18227285849134356,0.009824195073486492,0.17103453201835864,18.55346490251003,23524,1864
material,lower,none,0,0.29765485468610997,0.00954981239384028,0.28496043421203693,31.168659907717164,25000,1871
material,lower,none,1,-0.44803264784960073,0.009563772691389479,-0.4446534800380567,-46.84685241975445,22862,1858
material,lower,none,2,0.015596585574029527,0.009685222162171539,0.0038860452216686737,1.6103487677284825,23394,1868
material,lower,none,3,-0.008060466212629102,0.009662540155412761,-0.01092893856204861,-0.8341974349378295,22512,1867
material,lower,zpre,-6,0.01635138701080104,0.015244801247115256,0.007470479859283344,1.0725877461928328,14661,1724
material,lower,zpre,-5,0.014392930224769536,0.014476240644713199,0.00028553855889324636,0.9942450238298512,15478,1746
material,lower,zpre,-4,0.01958804407875998,0.013922074209216349,0.018082443646445553,1.4069774219270277,16234,1764
material,lower,zpre,-3,-0.008340503497873656,0.011891256041597877,0.008787850373817973,-0.7013980246238907,17337,1782
material,lower,zpre,-2,0.006437901547518616,0.010866965101270158,-0.006091566463962106,0.5924286576356206,18495,1803
material,lower,zpre,-1,0.014146473783156475,0.010659793045726703,-0.0024746130519828057,1.3270870946999775,19637,1816
material,lower,zpre,0,0.21619915566292286,0.012556722885598616,0.2287110617548584,17.217800984593122,21237,1830
material,lower,zpre,1,-0.6335967028427656,0.013244892679051734,-0.6157207665044971,-47.837058268117865,19646,1808
material,lower,zpre,2,-0.03459772376508469,0.013677604183753267,0.007641045217801966,-2.529516375841689,18539,1792
material,lower,zpre,3,-0.06141024616987953,0.01412534208113577,-0.06340716603934891,-4.347522758538513,17478,1779
material_see,lower,nlegal,-6,0.023152845558634037,0.01233947067659843,0.018585555558453773,1.8763240470714004,19326,1853
material_see,lower,nlegal,-5,0.02402578776001738,0.011160841346597424,0.023664242564381675,2.1526860757089836,20028,1852
material_see,lower,nlegal,-4,0.04021498401856905,0.011458693194255683,0.032002710314734444,3.509561111098522,20748,1861
material_see,lower,nlegal,-3,0.027487334061945864,0.010730778639464832,0.015770111848302494,2.5615414300743344,21365,1864
material_see,lower,nlegal,-2,0.04823278373091263,0.010442046848539922,0.0553226540461929,4.61909283022005,21999,1864
material_see,lower,nlegal,-1,0.05613369945992969,0.010373959381113693,0.055254155461993595,5.4110197849939405,22453,1864
material_see,lower,nlegal,0,0.09801391036405337,0.010259139633843128,0.10411904437356932,9.553813854011931,23719,1870
material_see,lower,nlegal,1,-0.21357185970672007,0.01143286697040193,-0.22252550462195317,-18.680516467096773,22055,1864
material_see,lower,nlegal,2,-0.04857467326034612,0.011054238151572696,-0.05519065468673655,-4.394212662537522,21402,1858
material_see,lower,nlegal,3,-0.024539625766535903,0.010930215427204503,-0.011437372848807586,-2.2451182165594448,20531,1859
