outcome,label,lag,effect,se,t,effect_pw,n_events,n_players,event_mean,control_mean,coverage_all,raw_rate_all,n_events_all,matched_share,usable_share
wp_loss_x,A_1300-1600,0,0.18725406106342515,0.0038249334387488025,48.956161999169055,0.18381744365963557,5579,445,0.17806909503119298,-0.009184966032232162,,,9938,0.8393036828335682,0.561380559468706
wp_loss_x,A_1300-1600,1,-0.01755914660701979,0.004003785846305752,-4.385635815966884,-0.03501267912002297,5287,442,0.03492427867155109,0.05248342527857089,0.9441537532702757,0.03790436521971866,9938,0.8393036828335682,0.5319983900181123
wp_loss_x,A_1300-1600,2,0.0005391324423675429,0.0030430047094664706,0.17717108379436877,-0.0055729249149923275,5030,439,0.030067193134457174,0.029528060692089634,,,9938,0.8393036828335682,0.5061380559468706
wp_loss_x,A_1300-1600,3,0.004617244963123864,0.0034582051159506165,1.3351564780895429,0.004355717607650003,4819,437,0.02660289962818851,0.021985654665064646,,,9938,0.8393036828335682,0.4849064198027772
wp_loss_x,B_1300-1600,0,0.05177561377375993,0.002752763513618807,18.808594896586396,0.05687071571410971,7358,453,0.04112876733037845,-0.010646846443381484,,,13443,0.807185896005356,0.5473480621884996
wp_loss_x,B_1300-1600,1,-0.02051101904208128,0.0030651371819272874,-6.6917132332669125,-0.026807964620210192,6838,447,-0.0013980644748754548,0.01911295456720583,0.9387785464554043,0.003099279825361678,13443,0.807185896005356,0.5086662203377222
wp_loss_x,B_1300-1600,2,-0.0003834861362211328,0.002408830109292304,-0.159200158924366,0.0005137201421688928,6414,444,0.00935381417831836,0.009737300314539492,,,13443,0.807185896005356,0.47712564159785764
wp_loss_x,B_1300-1600,3,-0.0004210460591939332,0.003160318346878475,-0.13322900194843057,0.0021049770570375484,6031,440,0.011464518345446041,0.011885564404639974,,,13443,0.807185896005356,0.448634977311612
wp_loss_x,A_1600-1900,0,0.1856351748964787,0.0031853805189108785,58.27723683070357,0.18995442081253489,6503,425,0.17325821391048082,-0.012376960985997885,,,10936,0.8533284564740308,0.5946415508412582
wp_loss_x,A_1600-1900,1,-0.017715410965652805,0.0037183971050553867,-4.764260100559897,-0.03700504186773235,6124,423,0.026426085044147975,0.04414149600980079,0.9420263350402341,0.028804360331144876,10936,0.8533284564740308,0.5599853694220922
wp_loss_x,A_1600-1900,2,-0.0034404157251954038,0.003860952125785124,-0.8910796127770675,-0.013354279823732024,5804,422,0.023314785892321926,0.026755201617517328,,,10936,0.8533284564740308,0.5307242136064374
wp_loss_x,A_1600-1900,3,0.009329957375786496,0.0030761065354447353,3.033041043371274,0.0067647243430438864,5487,421,0.02473285189091112,0.015402894515124622,,,10936,0.8533284564740308,0.5017373811265545
wp_loss_x,B_1600-1900,0,0.05111080772630036,0.0031994114809514806,15.975065423938654,0.0503806497662465,7747,442,0.039141611001369085,-0.011969196724931281,,,14018,0.817306320445142,0.5526465972321302
wp_loss_x,B_1600-1900,1,-0.017610669405128496,0.0027423330182744345,-6.421783673891548,-0.021730897174821077,6979,440,-0.0026454746165562853,0.014965194788572207,0.9145384505635611,0.00031779069402731644,14018,0.817306320445142,0.4978598944214581
wp_loss_x,B_1600-1900,2,-0.0012091083579481392,0.0030320981889419884,-0.39876952611816374,-0.0016309351632250774,6539,438,0.009209137104020788,0.010418245461968926,,,14018,0.817306320445142,0.4664716792695106
wp_loss_x,B_1600-1900,3,0.0010034667640838955,0.002789057879942953,0.35978699879273224,0.000870534105351174,6144,432,0.011015535550262091,0.010012068786178194,,,14018,0.817306320445142,0.43829362248537596
wp_loss_x,A_1900-2100,0,0.17992539572965777,0.0022882149045622296,78.63133631850906,0.1792351426352254,10571,447,0.16502036037803072,-0.014905035351627027,,,16697,0.86575,0.6606875
wp_loss_x,A_1900-2100,1,-0.014135682776679858,0.002982971853589699,-4.7387918728328,-0.03262682995289325,9924,444,0.01897461557907571,0.03311029835575557,0.942145295562077,0.021351773953988892,16697,0.86575,0.62025
wp_loss_x,A_1900-2100,2,-0.0013301235403487314,0.0024401018193066976,-0.5451098514924502,-0.00882321009843593,9362,442,0.015227647717166594,0.016557771257515324,,,16697,0.86575,0.585125
wp_loss_x,A_1900-2100,3,0.008370190799973896,0.0023713731661963214,3.529680996348486,0.005915440529522087,8803,442,0.016164024538242353,0.00779383373826846,,,16697,0.86575,0.5501875
wp_loss_x,B_1900-2100,0,0.041300245679091616,0.0022949553930278555,17.996099534031476,0.0421844068534995,10241,452,0.027649874063120698,-0.013650371615970922,,,22906,0.84575,0.6400625
wp_loss_x,B_1900-2100,1,-0.01622258568379279,0.0021584815929252873,-7.5157396463164154,-0.02000367051644763,9062,447,-0.006848084814651268,0.00937450086914152,0.8954858988911202,-0.005525843511728866,22906,0.84575,0.566375
wp_loss_x,B_1900-2100,2,0.0007348245819473442,0.0017721208831752672,0.41465827129732447,0.002916698139354593,8531,446,0.004674099355606124,0.003939274773658781,,,22906,0.84575,0.5331875
wp_loss_x,B_1900-2100,3,0.000698599218808943,0.0022247923088545033,0.3140064877195824,0.0030348761209867572,7967,444,0.004224423340207337,0.003525824121398395,,,22906,0.84575,0.4979375
wp_loss_x,A_2100+,0,0.17531806555580093,0.0021487407301262634,81.59107476196021,0.1763561048206812,10847,451,0.1577749034618864,-0.017543162093914537,,,20654,0.82625,0.6779375
wp_loss_x,A_2100+,1,-0.014045911826967255,0.0026986510429141608,-5.204789950092866,-0.032478455264222626,10146,449,0.01150234478674752,0.02554825661371478,0.9349278590103612,0.014051438725408016,20654,0.82625,0.634125
wp_loss_x,A_2100+,2,-0.00018816627497670563,0.0024411286639274303,-0.07708167035897762,-0.002947065581689589,9520,447,0.009639265921517473,0.009827432196494179,,,20654,0.82625,0.595
wp_loss_x,A_2100+,3,0.004761945213839174,0.002148528884880524,2.216374770360128,-0.00056897660783021,8919,446,0.0087690279431738,0.004007082729334626,,,20654,0.82625,0.5574375
wp_loss_x,B_2100+,0,0.03101708658250407,0.0016678747001353902,18.596772635250268,0.032513786856318866,10719,455,0.014560309694690859,-0.016456776887813208,,,33006,0.80825,0.6699375
wp_loss_x,B_2100+,1,-0.015584899185810778,0.001968194089069654,-7.918375160438373,-0.020168043041996216,9189,453,-0.013399679418037682,0.0021852197677730946,0.8602375325698358,-0.010579182459131954,33006,0.80825,0.5743125
wp_loss_x,B_2100+,2,0.0011310925168822126,0.0019371710610644644,0.5838888158181982,0.004885377473721453,8588,448,-0.0016989988750014478,-0.0028300913918836604,,,33006,0.80825,0.53675
wp_loss_x,B_2100+,3,0.0011905309031996132,0.001996279023483741,0.5963750002852793,-0.0007885287311462038,8019,444,3.286016102061042e-05,-0.0011576707421790025,,,33006,0.80825,0.5011875
wp_loss_x,A_FM+,0,0.16807439950312597,0.0015094655307629397,111.34696094595479,0.16372618592739765,13687,136,0.14517709374720578,-0.02289730575592024,,,17119,0.85925,0.8554375
wp_loss_x,A_FM+,1,-0.0014822904538755045,0.0018473994392955377,-0.8023659758393892,-0.010928722337920176,12617,136,0.00024786232067415786,0.0017301527745496618,0.924294643378702,0.001926042951541613,17119,0.85925,0.7885625
wp_loss_x,A_FM+,2,0.003726436235152233,0.0013988375061171753,2.663952188053559,-0.001564724480413175,11686,136,-0.0028243879585051475,-0.00655082419365738,,,17119,0.85925,0.730375
wp_loss_x,A_FM+,3,0.008522417362308094,0.001167043396765929,7.302571083410546,0.007344131313744333,10780,136,-0.001615795609235066,-0.010138212971543159,,,17119,0.85925,0.67375
wp_loss_x,B_FM+,0,0.022596172411847682,0.001196840724958006,18.87984920686963,0.020762247831418834,13625,136,0.0002345853646213621,-0.02236158704722632,,,38267,0.8565,0.8515625
wp_loss_x,B_FM+,1,-0.009432762257791657,0.0014053343638126769,-6.7121124343679615,-0.011088496854088772,11001,135,-0.020283968007644423,-0.010851205749852766,0.8058379282410432,-0.01972809979510602,38267,0.8565,0.6875625
wp_loss_x,B_FM+,2,0.00043813701273544915,0.0011380744144270968,0.38498098822123683,0.0005629300846894297,10136,135,-0.012435308509835413,-0.01287344552257086,,,38267,0.8565,0.6335
wp_loss_x,B_FM+,3,0.0010498904898794642,0.0012441456977796432,0.8438645825429808,0.0006394399405473842,9356,135,-0.01154021097886901,-0.012590101468748475,,,38267,0.8565,0.58475
blunder_x,A_1300-1600,0,0.9855129713795637,0.001299712409023812,758.2546450562573,0.9858878955792805,5278,441,0.8775755743106312,-0.1079373970689328,,,9938,0.8393036828335682,0.531092775206279
blunder_x,A_1300-1600,1,-0.10440397476610808,0.01711647513603391,-6.099618872247532,-0.19299095512264608,4713,436,0.12757699546927723,0.2319809702353853,0.8591265848259207,0.14451545216105702,9938,0.8393036828335682,0.47424028979673977
blunder_x,A_1300-1600,2,-0.0016705640085882098,0.014084412388442095,-0.11861084172450834,-0.03814653780687997,4343,433,0.11821937449232517,0.11988993850091337,,,9938,0.8393036828335682,0.43700945864359025
blunder_x,A_1300-1600,3,0.016152012907527175,0.014187630749200545,1.1384573783355139,0.017563682054610966,4049,428,0.09694762021665847,0.08079560730913128,,,9938,0.8393036828335682,0.4074260414570336
blunder_x,B_1300-1600,0,0.279141119025237,0.012041910974200692,23.180799096030984,0.3187088922223791,5436,446,0.1751261625479882,-0.10401495647724875,,,13443,0.807185896005356,0.40437402365543407
blunder_x,B_1300-1600,1,-0.06940727607972366,0.013652672701993534,-5.0837867130286485,-0.09548893639377078,4798,436,-0.002112214994539926,0.06729506108518374,0.6489622852041955,0.016132548757213042,13443,0.807185896005356,0.3569143792308265
blunder_x,B_1300-1600,2,-0.005391235730774442,0.01323029969944642,-0.40749158017939846,-0.0067566842834223,4459,433,0.034163957608941774,0.039555193339716216,,,13443,0.807185896005356,0.33169679387041584
blunder_x,B_1300-1600,3,-0.0030940919986437825,0.014351259695278711,-0.21559724124159493,-0.006400785435778841,4121,424,0.0428525824709798,0.045946674469623576,,,13443,0.807185896005356,0.30655359666741056
blunder_x,A_1600-1900,0,0.9852615424123532,0.0012145117724921644,811.2408333355285,0.9845860470196437,6234,425,0.8751162226709286,-0.11014531974142461,,,10936,0.8533284564740308,0.5700438917337235
blunder_x,A_1600-1900,1,-0.11148554576027493,0.013500116854020663,-8.258117093784401,-0.19157859088009382,5572,419,0.09750816294522076,0.20899370870549566,0.8639356254572056,0.11380009427104702,10936,0.8533284564740308,0.5095098756400878
blunder_x,A_1600-1900,2,-0.03244325796353232,0.014520375063143217,-2.2343264428397864,-0.06346101404222433,5116,412,0.08408552122100128,0.1165287791845336,,,10936,0.8533284564740308,0.46781272860277984
blunder_x,A_1600-1900,3,0.03832655382998442,0.013922245024259365,2.7529003952452213,0.02518421852977093,4684,407,0.09559617364745022,0.0572696198174658,,,10936,0.8533284564740308,0.4283101682516459
blunder_x,B_1600-1900,0,0.26622329652825805,0.01073194539064113,24.806620499617896,0.267443142330234,6242,436,0.16107061178719975,-0.1051526847410583,,,14018,0.817306320445142,0.44528463404194607
blunder_x,B_1600-1900,1,-0.06874673664147676,0.011116582822814318,-6.184160882640064,-0.08365493492352155,5403,432,-0.012973008112686443,0.05577372852879032,0.6916107861321158,0.0021010755649494748,14018,0.817306320445142,0.38543301469539165
blunder_x,B_1600-1900,2,-0.0006210783161616851,0.011605479910533577,-0.053515952890321294,-0.012559628391631288,5007,423,0.03675847683372518,0.037379555149886855,,,14018,0.817306320445142,0.3571836210586389
blunder_x,B_1600-1900,3,0.00541485547731253,0.011636302358270349,0.4653415931104603,-0.0018820161506367227,4653,415,0.044268519341923614,0.03885366386461108,,,14018,0.817306320445142,0.33193037523184477
blunder_x,A_1900-2100,0,0.984450671758321,0.0010642194613699545,925.0447933841124,0.9851931351069984,10203,447,0.8736167498194986,-0.1108339219388225,,,16697,0.86575,0.6376875
blunder_x,A_1900-2100,1,-0.07499611338940518,0.01218833601436075,-6.153105173753167,-0.16284163321266892,9108,443,0.0808111915964655,0.15580730498587067,0.8726118464394802,0.0890920669441275,16697,0.86575,0.56925
blunder_x,A_1900-2100,2,-0.009889647795285046,0.011409404853270388,-0.8667978674146426,-0.044266509245012534,8429,439,0.06492446040428043,0.07481410819956548,,,16697,0.86575,0.5268125
blunder_x,A_1900-2100,3,0.031971594268363095,0.010407562693445617,3.071957883904738,0.008867042269989939,7743,436,0.06343170128207701,0.031460107013713906,,,16697,0.86575,0.4839375
blunder_x,B_1900-2100,0,0.2188174705856741,0.009213746515008414,23.74902220603084,0.22196762467011433,8601,443,0.11311748100187426,-0.10569998958379985,,,22906,0.84575,0.5375625
blunder_x,B_1900-2100,1,-0.049656166336678964,0.009632951254549653,-5.15482379434094,-0.049076921492659804,7377,437,-0.022298385541214095,0.027357780795464876,0.7124334235571466,-0.01895154701511115,22906,0.84575,0.4610625
blunder_x,B_1900-2100,2,0.006492421642412417,0.009532788388814016,0.6810621800889619,0.02012623586943288,6929,436,0.019491594308244504,0.012999172665832085,,,22906,0.84575,0.4330625
blunder_x,B_1900-2100,3,0.0010398173047033777,0.010911544477117533,0.095295153393176,-0.0014931836413650118,6403,434,0.015577111970970784,0.014537294666267405,,,22906,0.84575,0.4001875
blunder_x,A_2100+,0,0.9847018327144855,0.0010182590625454856,967.044506584491,0.9863810702246877,10543,451,0.8716324187396023,-0.11306941397488335,,,20654,0.82625,0.6589375
blunder_x,A_2100+,1,-0.0809248270058254,0.011298434094317016,-7.1624816616428,-0.16805454152266522,9374,448,0.053825866932364935,0.13475069393819034,0.8718408056550789,0.06401869139786202,20654,0.82625,0.585875
blunder_x,A_2100+,2,-0.005181318165060353,0.01071172853225749,-0.48370514146780696,-0.03413177342120695,8607,445,0.041079897757567714,0.04626121592262806,,,20654,0.82625,0.5379375
blunder_x,A_2100+,3,0.024499124360248453,0.009316748136918854,2.6295789045930533,0.020390938528271566,7901,443,0.03779876207184199,0.013299637711593542,,,20654,0.82625,0.4938125
blunder_x,B_2100+,0,0.16886359392842204,0.007445166956911977,22.68096805695562,0.17396941792684043,9237,453,0.062412717531409555,-0.10645087639701248,,,33006,0.80825,0.5773125
blunder_x,B_2100+,1,-0.04864384006440664,0.007577970957919869,-6.419111439529617,-0.05823420220165346,7751,450,-0.046096778373486275,0.0025470616909203723,0.7143246682421378,-0.03475910452506755,33006,0.80825,0.4844375
blunder_x,B_2100+,2,0.008838318679412954,0.00898630403997482,0.9835321217818175,0.02259755943206491,7208,442,-0.005791115046820542,-0.014629433726233498,,,33006,0.80825,0.4505
blunder_x,B_2100+,3,0.006141511758884668,0.010040901943416579,0.6116494109288074,-0.0011190243040741226,6695,439,0.001858328558012286,-0.0042831832008723815,,,33006,0.80825,0.4184375
blunder_x,A_FM+,0,0.9796491986802798,0.000886046770955181,1105.6405043090365,0.9810226259639452,13514,136,0.8615869039985827,-0.11806229468169711,,,17119,0.85925,0.844625
blunder_x,A_FM+,1,-0.01777284932412532,0.008656709644240732,-2.053072131852027,-0.06983244741942625,12061,136,0.009501048996264458,0.02727389832038978,0.8892458671651382,0.018182173282464794,17119,0.85925,0.7538125
blunder_x,A_FM+,2,0.009996326232956912,0.007293768294913942,1.3705297219172023,-0.01687128574044197,11058,136,-0.00522148434103288,-0.015217810573989791,,,17119,0.85925,0.691125
blunder_x,A_FM+,3,0.033246953643948925,0.006216386570210207,5.348276409204178,0.03054261660717258,10071,136,-0.003373493606224805,-0.036620447250173736,,,17119,0.85925,0.6294375
blunder_x,B_FM+,0,0.11857656449182813,0.0055079508796885,21.528253806528895,0.10867351320476419,12336,136,0.005196848885053052,-0.11337971560677508,,,38267,0.8565,0.771
blunder_x,B_FM+,1,-0.021263821417578307,0.006826524078971876,-3.114882650612549,-0.029079398247598864,9817,135,-0.06502662290773968,-0.04376280149016138,0.7195494812762955,-0.06487210892999462,38267,0.8565,0.6135625
blunder_x,B_FM+,2,0.0055031925771005085,0.005802076840198786,0.9484866761798975,0.008884941380318274,9008,135,-0.043557126827099786,-0.04906031940420029,,,38267,0.8565,0.563
blunder_x,B_FM+,3,0.004385488474099517,0.006433599184186119,0.6816539775867778,0.004205193931968554,8298,135,-0.043950534427322094,-0.048336022901421596,,,38267,0.8565,0.518625
wp_loss_q,A_1300-1600,0,0.19181720598811364,0.0038274965524224555,50.11557903735037,0.18817590392698863,5580,445,0.21702382034359263,0.02520661435547896,,,9938,0.8393036828335682,0.5614811833366875
wp_loss_q,A_1300-1600,1,-0.018765003449404655,0.004112606877431353,-4.5628001918639205,-0.036867133568228065,5291,442,0.06942786494037255,0.08819286838977719,0.9450593680821091,0.07193565855636659,9938,0.8393036828335682,0.5324008854900383
wp_loss_q,A_1300-1600,2,-0.00022553094348445917,0.003121855719546244,-0.07224259022362496,-0.00629832383746936,5034,439,0.06392499801826729,0.06415052896175175,,,9938,0.8393036828335682,0.5065405514187965
wp_loss_q,A_1300-1600,3,0.00398948053196913,0.0035333494311559077,1.129093119630685,0.0036525927270917445,4823,437,0.06019092863251629,0.05620144810054716,,,9938,0.8393036828335682,0.48530891527470316
wp_loss_q,B_1300-1600,0,0.05185929560110669,0.0027839315775098025,18.628078369474256,0.05724846361819787,7362,453,0.07195092570458625,0.020091630103479557,,,13443,0.807185896005356,0.5476456148181209
wp_loss_q,B_1300-1600,1,-0.023342408048986234,0.0031042225382709203,-7.519566577848559,-0.029078953335368887,6849,447,0.027223572428366764,0.050565980477352994,0.9398943688164844,0.030146843358228925,13443,0.807185896005356,0.509484490069181
wp_loss_q,B_1300-1600,2,-0.002269835139444414,0.0024916685353565645,-0.910969941320704,-0.0010209502790650157,6420,444,0.038609083476715864,0.040878918616160276,,,13443,0.807185896005356,0.47757197054228967
wp_loss_q,B_1300-1600,3,-0.0021149612276467867,0.00321583107325329,-0.657671743157575,0.00061876646512454,6035,440,0.04102410570477641,0.0431390669324232,,,13443,0.807185896005356,0.44893252994123334
wp_loss_q,A_1600-1900,0,0.18997955865771277,0.0032028726633812564,59.31536424465664,0.19427464725905885,6504,425,0.21280846419399904,0.022828905536286286,,,10936,0.8533284564740308,0.5947329919531822
wp_loss_q,A_1600-1900,1,-0.019117535028172688,0.0038402788480117397,-4.978163249283466,-0.039116523551182676,6126,423,0.06135579346575031,0.080473328493923,0.9423920994879298,0.0632039661535116,10936,0.8533284564740308,0.56016825164594
wp_loss_q,A_1600-1900,2,-0.004595879010502906,0.0039658976787768545,-1.1588496181072294,-0.014564486980405633,5807,422,0.057904758619730684,0.0625006376302336,,,10936,0.8533284564740308,0.5309985369422092
wp_loss_q,A_1600-1900,3,0.008192748197040849,0.0031289725828374127,2.6183509059742245,0.005836017815109143,5488,421,0.05877708759810866,0.05058433940106781,,,10936,0.8533284564740308,0.5018288222384785
wp_loss_q,B_1600-1900,0,0.0511089457663199,0.0032281907281628466,15.832071296297244,0.050420470091024176,7750,442,0.07114602602107502,0.020037080254755108,,,14018,0.817306320445142,0.5528606077899844
wp_loss_q,B_1600-1900,1,-0.020075916087062818,0.002803792006062358,-7.160272960210558,-0.024030738569530148,6980,440,0.027489338367183497,0.04756525445424632,0.9149664716792695,0.029054339040907148,14018,0.817306320445142,0.4979312312740762
wp_loss_q,B_1600-1900,2,-0.0029952193534504862,0.0030865369702887365,-0.9704142157643724,-0.003237721848254745,6543,438,0.039891509217491954,0.04288672857094243,,,14018,0.817306320445142,0.46675702667998287
wp_loss_q,B_1600-1900,3,-0.0004973234935745499,0.0028389281538191238,-0.17518002098979352,-0.00012131242353370062,6146,432,0.0419736823250547,0.04247100581862925,,,14018,0.817306320445142,0.4384362961906121
wp_loss_q,A_1900-2100,0,0.1843629281545071,0.0022873953975230273,80.5995012292802,0.18326806525478287,10571,447,0.20485715137770144,0.020494223223194344,,,16697,0.86575,0.6606875
wp_loss_q,A_1900-2100,1,-0.015182177228343485,0.003040083906575386,-4.9939994075512235,-0.03425002427065423,9929,444,0.05439770947770044,0.06957988670604393,0.9425046415523747,0.05621290949937706,16697,0.86575,0.6205625
wp_loss_q,A_1900-2100,2,-0.002311867261168184,0.002472481400518283,-0.9350392931908684,-0.009860213852249021,9365,442,0.050044266869543094,0.05235613413071128,,,16697,0.86575,0.5853125
wp_loss_q,A_1900-2100,3,0.007651469589970071,0.002418932913729439,3.163159071730213,0.005303601495078969,8811,442,0.050905604323285204,0.04325413473331514,,,16697,0.86575,0.5506875
wp_loss_q,B_1900-2100,0,0.04132679138013303,0.002303336003664286,17.942146223732827,0.04220682400170301,10242,452,0.060406705425022585,0.01907991404488955,,,22906,0.84575,0.640125
wp_loss_q,B_1900-2100,1,-0.01833828715372475,0.002185894213731022,-8.389375404596459,-0.021955591576838948,9067,447,0.024377272728483987,0.042715559882208744,0.8958351523618266,0.024483642837148874,22906,0.84575,0.5666875
wp_loss_q,B_1900-2100,2,-0.0007295870723521548,0.001811894733518967,-0.4026652646289164,0.0015478989500145592,8534,446,0.03662244518698452,0.03735203225933668,,,22906,0.84575,0.533375
wp_loss_q,B_1900-2100,3,-0.000809710502388371,0.00226582763949462,-0.35735750075366385,0.001490193696248958,7970,444,0.03637613126652159,0.037185841768909954,,,22906,0.84575,0.498125
wp_loss_q,A_2100+,0,0.1795680588619358,0.002132987814856883,84.1861625327589,0.18003982671265262,10847,451,0.19788138410720307,0.018313325245267263,,,20654,0.82625,0.6779375
wp_loss_q,A_2100+,1,-0.015202581506999786,0.002770452988216256,-5.4873991984927715,-0.034080935305211724,10147,449,0.047024479092971874,0.06222706059997165,0.9350246925535005,0.04933342341997354,20654,0.82625,0.6341875
wp_loss_q,A_2100+,2,-0.0010098126464410833,0.002516115361979654,-0.40133797587348025,-0.003710653876211657,9524,447,0.044747499499878315,0.045757312146319395,,,20654,0.82625,0.59525
wp_loss_q,A_2100+,3,0.0036233107530741645,0.00217793552690805,1.6636446342459323,-0.0019253554712573163,8921,446,0.04333187769838008,0.03970856694530592,,,20654,0.82625,0.5575625
wp_loss_q,B_2100+,0,0.0309867009878572,0.0016719754995962882,18.532987472208287,0.032750342730814314,10722,455,0.04777831974117202,0.01679161875331483,,,33006,0.80825,0.670125
wp_loss_q,B_2100+,1,-0.017214465677307,0.002009976625712008,-8.564510381412521,-0.021890370052005288,9190,453,0.018784476171568597,0.035998941848875594,0.8604193176998122,0.02070239468914258,33006,0.80825,0.574375
wp_loss_q,B_2100+,2,-3.408249479465101e-05,0.0019467780038144838,-0.017507129589439754,0.004084510885368492,8591,448,0.031110523594093213,0.031144606088887868,,,33006,0.80825,0.5369375
wp_loss_q,B_2100+,3,3.299446490749716e-05,0.0020384477747823165,0.016186073205147776,-0.001906657856662864,8019,444,0.03314993425311774,0.033116939788210245,,,33006,0.80825,0.5011875
wp_loss_q,A_FM+,0,0.17305692037486967,0.0015296598338266328,113.13425151652602,0.16819880023899245,13687,136,0.18765299496370763,0.014596074588837969,,,17119,0.85925,0.8554375
wp_loss_q,A_FM+,1,-0.0019109947976790982,0.0019086119370669342,-1.0012484783134208,-0.011733990391216972,12618,136,0.03798040631963142,0.03989140111731052,0.9244114726327473,0.03942720920264669,17119,0.85925,0.788625
wp_loss_q,A_FM+,2,0.003736101139637407,0.0014454211398517722,2.584783795275434,-0.001776675217136162,11686,136,0.03491010793594953,0.031174006796312125,,,17119,0.85925,0.730375
wp_loss_q,A_FM+,3,0.008142439095504266,0.0012001889722335689,6.784297543036969,0.006748248779200289,10780,136,0.03561737960908383,0.02747494051357957,,,17119,0.85925,0.67375
wp_loss_q,B_FM+,0,0.022606987047474356,0.0011812611600840062,19.13800928311792,0.02083957304557868,13627,136,0.03639454766101264,0.013787560613538287,,,38267,0.8565,0.8516875
wp_loss_q,B_FM+,1,-0.011156307897815727,0.001475010005450443,-7.563547268554819,-0.012515812796976038,11003,135,0.014826198877080058,0.025982506774895782,0.8059424569472391,0.015071302158778098,38267,0.8565,0.6876875
wp_loss_q,B_FM+,2,-0.0007283654367731461,0.0011309037513607223,-0.6440560798359406,-0.0003835448564497204,10137,135,0.02335097224343818,0.02407933768021133,,,38267,0.8565,0.6335625
wp_loss_q,B_FM+,3,-0.00018691999732104697,0.0012634999843507873,-0.14793826643147162,-0.0005003925038948948,9357,135,0.024431296441632427,0.024618216438953476,,,38267,0.8565,0.5848125
blunder_q,A_1300-1600,0,1.0,0.0,,1.0,5279,441,1.0,0.0,,,9938,0.8393036828335682,0.5311933990742604
blunder_q,A_1300-1600,1,-0.10488615649288209,0.017424935896471636,-6.019313764828278,-0.19485809026453071,4714,436,0.2409843020789139,0.345870458571796,0.8596297041658282,0.25880838113075033,9938,0.8393036828335682,0.47434091366472125
blunder_q,A_1300-1600,2,-0.002943764165982243,0.014381578090479479,-0.20468992675643835,-0.039257861335840624,4344,433,0.22997237569060774,0.23291613985658996,,,9938,0.8393036828335682,0.43711008251157174
blunder_q,A_1300-1600,3,0.014971071927260975,0.01441740776718904,1.0384024762989612,0.016373331067244305,4050,428,0.20839506172839506,0.1934239898011341,,,9938,0.8393036828335682,0.4075266653250151
blunder_q,B_1300-1600,0,0.2815891116424499,0.012041357812204168,23.38516270624011,0.3219103373706139,5437,446,0.2815891116424499,0.0,,,13443,0.807185896005356,0.4044484118128394
blunder_q,B_1300-1600,1,-0.07544059212329962,0.013726367698716753,-5.496034623227556,-0.09856374076470069,4802,436,0.10037484381507705,0.17581543593837667,0.6493342259912221,0.11673731240691947,13443,0.807185896005356,0.3572119318604478
blunder_q,B_1300-1600,2,-0.008691154106040891,0.013404610813178798,-0.6483704918531575,-0.009362286868409116,4462,433,0.13917525773195877,0.14786641183799965,,,13443,0.807185896005356,0.3319199583426318
blunder_q,B_1300-1600,3,-0.006543735944036537,0.014577433533594999,-0.4488949257738622,-0.011067481920786578,4123,424,0.14964831433422265,0.1561920502782592,,,13443,0.807185896005356,0.30670237298222125
blunder_q,A_1600-1900,0,1.0,0.0,,1.0,6234,425,1.0,0.0,,,10936,0.8533284564740308,0.5700438917337235
blunder_q,A_1600-1900,1,-0.11217468475819523,0.013892061234601877,-8.074732961786427,-0.19420152893136539,5573,419,0.21209402476224654,0.32426870952044173,0.8641185076810534,0.22920634920634922,10936,0.8533284564740308,0.5096013167520117
blunder_q,A_1600-1900,2,-0.034057330683042134,0.014770369808667944,-2.30578727034009,-0.06533873745676526,5118,412,0.19792887846815163,0.23198620915119378,,,10936,0.8533284564740308,0.46799561082662766
blunder_q,A_1600-1900,3,0.036235791628446375,0.014093374083030677,2.5711225299892226,0.02259320714742623,4685,407,0.20853788687299893,0.17230209524455256,,,10936,0.8533284564740308,0.42840160936356986
blunder_q,B_1600-1900,0,0.2673822492790772,0.010806593608929207,24.742509893047725,0.26928145476297666,6242,436,0.2673822492790772,0.0,,,14018,0.817306320445142,0.44528463404194607
blunder_q,B_1600-1900,1,-0.07388935530467841,0.011287212882485558,-6.546288802555767,-0.08735676334291537,5403,432,0.09032019248565612,0.16420954779033453,0.691896133542588,0.10392824002474482,14018,0.817306320445142,0.38543301469539165
blunder_q,B_1600-1900,2,-0.0041341628172655515,0.011743925250327232,-0.3520256412693326,-0.014709288276492044,5010,423,0.14271457085828343,0.14684873367554896,,,14018,0.817306320445142,0.35739763161649307
blunder_q,B_1600-1900,3,0.0028155963962925427,0.011681033287634875,0.24104001135524822,-0.0021636858806194136,4654,415,0.1519123334765793,0.14909673708028676,,,14018,0.817306320445142,0.33200171208446283
blunder_q,A_1900-2100,0,1.0,0.0,,1.0,10203,447,1.0,0.0,,,16697,0.86575,0.6376875
blunder_q,A_1900-2100,1,-0.07414520778376447,0.01238132838448119,-5.988469530999468,-0.16415239559937503,9109,443,0.19793610714677792,0.27208131493054244,0.8726717374378631,0.20636881476906183,16697,0.86575,0.5693125
blunder_q,A_1900-2100,2,-0.010811183785302544,0.011442048098659436,-0.944864388969768,-0.04601076287849362,8430,439,0.1797153024911032,0.19052648627640575,,,16697,0.86575,0.526875
blunder_q,A_1900-2100,3,0.03183414286315988,0.010513612634399256,3.027897638058535,0.009111347140255447,7747,436,0.1792952110494385,0.14746106818627863,,,16697,0.86575,0.4841875
blunder_q,B_1900-2100,0,0.2205557493314731,0.009257964686032336,23.823351763722936,0.2233305998278071,8601,443,0.2205557493314731,0.0,,,22906,0.84575,0.5375625
blunder_q,B_1900-2100,1,-0.05342804603789117,0.009653190272018821,-5.53475530185706,-0.05291418115296995,7379,437,0.08320910692505759,0.1366371529629488,0.7125643936086615,0.08559000122534004,22906,0.84575,0.4611875
blunder_q,B_1900-2100,2,0.004141758672275313,0.009696033930254247,0.42716008442915065,0.017453447037684013,6931,436,0.12797576107343817,0.12383400240116287,,,22906,0.84575,0.4331875
blunder_q,B_1900-2100,3,-0.0021383283739528484,0.011165465427078886,-0.19151269491792952,-0.006815525241044513,6404,434,0.12539038101186759,0.12752870938582042,,,22906,0.84575,0.40025
blunder_q,A_2100+,0,1.0,0.0,,1.0,10543,451,1.0,0.0,,,20654,0.82625,0.6589375
blunder_q,A_2100+,1,-0.08011781916710808,0.011568331847904924,-6.9256155702014865,-0.16915960208711592,9375,448,0.17226666666666668,0.25238448583377476,0.8718892224266486,0.18330741892492225,20654,0.82625,0.5859375
blunder_q,A_2100+,2,-0.004507836906638505,0.01096066558630515,-0.4112740117051688,-0.03318675172693509,8608,445,0.15845724907063197,0.16296508597727047,,,20654,0.82625,0.538
blunder_q,A_2100+,3,0.024030158309970736,0.0093254790941258,2.576828285970588,0.019544828531800194,7902,443,0.1542647431030119,0.13023458479304117,,,20654,0.82625,0.493875
blunder_q,B_2100+,0,0.17027495128815762,0.00744715953983088,22.864415671162654,0.1761245590492992,9238,453,0.17027495128815762,0.0,,,33006,0.80825,0.577375
blunder_q,B_2100+,1,-0.05073337641249107,0.007694236051148903,-6.593685984577451,-0.060168874751857636,7752,450,0.06140350877192982,0.1121368851844209,0.7144458583287887,0.07204953140240024,33006,0.80825,0.4845
blunder_q,B_2100+,2,0.006958458460947743,0.008978367602299064,0.7750249008701662,0.022042377988968798,7209,442,0.10389790539603273,0.09693944693508501,,,33006,0.80825,0.4505625
blunder_q,B_2100+,3,0.004038738937713898,0.010170402881540154,0.3971070747889873,-0.0021741076502321513,6695,439,0.11321882001493652,0.10918008107722262,,,33006,0.80825,0.4184375
blunder_q,A_FM+,0,1.0,0.0,,1.0,13514,136,1.0,0.0,,,17119,0.85925,0.844625
blunder_q,A_FM+,1,-0.014881465399828786,0.008770945422659335,-1.6966774598076055,-0.06898031291098926,12062,136,0.13389156027192836,0.14877302567175715,0.8893626964191834,0.1425287356321839,17119,0.85925,0.753875
blunder_q,A_FM+,2,0.013441743443468249,0.0074045021371817584,1.815347364945773,-0.014744670075918634,11058,136,0.1190088623620908,0.10556711891862255,,,17119,0.85925,0.691125
blunder_q,A_FM+,3,0.03468572527051377,0.0061524992593192844,5.637664274071187,0.03065352291119495,10071,136,0.1189554165425479,0.08426969127203414,,,17119,0.85925,0.6294375
blunder_q,B_FM+,0,0.11987356135516292,0.005417773938521373,22.12598065468176,0.10960302035395296,12338,136,0.11987356135516292,0.0,,,38267,0.8565,0.771125
blunder_q,B_FM+,1,-0.02430782631405451,0.006979628564077107,-3.4826819351337,-0.03172721854914072,9819,135,0.04827375496486404,0.07258158127891853,0.7196278778059425,0.04804270462633452,38267,0.8565,0.6136875
blunder_q,B_FM+,2,0.0032152788025378337,0.005850858181113051,0.549539691957833,0.00693891622005545,9009,135,0.07203907203907203,0.0688237932365342,,,38267,0.8565,0.5630625
blunder_q,B_FM+,3,0.0016108196744527249,0.006661078088751367,0.24182567040805797,0.0017566391387347697,8298,135,0.0727886237647626,0.07117780409030987,,,38267,0.8565,0.518625
